date,value_date,portfolio,sub_account,currency,amount,description,order_nr
2018-03-14,2018-03-14,C42ITVI,M7VFNELG,EUR,-237545,Payment - Payment to: ***,34945987
2018-03-14,2018-03-14,C42ITVI,M7VFNELG,EUR,237545,FX spot - Credit Forex Spot EUR/USD 1.245597 on 14 March 2018,34949792
2018-12-04,2018-12-04,C42ITVI,M7VFNELG,EUR,-50045,Payment - Payment to: ***,52109173
2018-12-04,2018-12-04,C42ITVI,M7VFNELG,EUR,50045,FX spot - Credit Forex Spot EUR/USD 1.152287 on 4 December 2018,52109425
2019-06-27,2019-06-27,C42ITVI,M7VFNELG,EUR,-150045,Payment - Payment to: ***,71889923
2019-06-27,2019-06-27,C42ITVI,M7VFNELG,EUR,150045,FX spot - Credit Forex Spot EUR/USD 1.144958 on 27 June 2019,71890398
2019-10-30,2019-10-30,C42ITVI,M7VFNELG,EUR,-73545,Payment - Payment to: ***,85850531
2019-10-30,2019-10-30,C42ITVI,M7VFNELG,EUR,73545,FX spot - Credit Forex Spot EUR/USD 1.122579 on 30 October 2019,85850976
2020-01-16,2020-01-16,C42ITVI,M7VFNELG,EUR,150045,FX spot - Credit Forex Spot EUR/USD 1.123641 on 16 January 2020,94162413
2020-01-16,2020-01-16,C42ITVI,M7VFNELG,EUR,-150045,Payment - Payment to: ***,94162307
2022-12-19,2022-12-20,C42ITVI,M7VFNELG,EUR,478545,FX spot - Credit Forex Spot EUR/USD 1.064585 on 19 December 2022,242382910
2022-12-20,2022-12-20,C42ITVI,M7VFNELG,EUR,-478545,Foreign Payment - Outgoing payment: *** *** *** CY,242382032
2023-07-25,2023-07-24,C42ITVI,M7VFNELG,EUR,1154.5,Credit - Incoming Payment: ***,282063050
2023-10-16,2023-10-16,C42ITVI,M7VFNELG,EUR,1465.5,Credit - Incoming Payment: ***,296773313
2024-01-09,2024-01-09,C42ITVI,M7VFNELG,EUR,6903,Credit - Incoming Payment: ***,305431751
2024-04-03,2024-04-03,C42ITVI,M7VFNELG,EUR,1431.5,Credit - Incoming Payment: ***,312476949
2024-06-25,2024-06-25,C42ITVI,M7VFNELG,EUR,3700.5,Credit - Incoming Payment: ***,324054570
2024-06-30,2024-06-30,C42ITVI,M7VFNELG,EUR,25.8,Credit interest payment - 31/03/24-30/06/24,324531805
2024-09-20,2024-09-20,C42ITVI,M7VFNELG,EUR,2777,Credit - Incoming Payment: ***,335848656
2024-09-23,2024-09-23,C42ITVI,M7VFNELG,EUR,264,Credit - Incoming Payment: ***,336085636
2024-09-30,2024-09-30,C42ITVI,M7VFNELG,EUR,27.33,Credit interest payment - 30/06/24-30/09/24,336940621
2024-11-07,2024-11-07,C42ITVI,M7VFNELG,EUR,-14.09,Client Money Transfer - ***,341377451
2024-12-31,2024-12-31,C42ITVI,M7VFNELG,EUR,12.57,Credit interest payment - 30/09/24-31/12/24,345731888
2025-03-27,2025-03-27,C42ITVI,M7VFNELG,EUR,510000,Credit - Incoming Payment: ***,354087765
2025-03-27,2025-03-27,C42ITVI,M7VFNELG,EUR,-510045,Foreign Payment - ***,354055290
2018-01-17,2018-01-17,C42ITVI,MA6Z9LVT,USD,800000,Credit - Incoming Payment: ***,31716625
2018-03-14,2018-03-14,C42ITVI,MA6Z9LVT,USD,-295885.34,FX spot - Debit Forex Spot EUR/USD 1.245597 on 14 March 2018,34949792
2018-03-29,2018-03-29,C42ITVI,MA6Z9LVT,USD,12897904,Credit - Incoming Payment: ***,35985584
2018-04-03,2018-04-04,C42ITVI,MA6Z9LVT,USD,-13402018.66,Open new deposit - Open new deposit:,36426051
2018-04-18,2018-04-18,C42ITVI,MA6Z9LVT,USD,13410761.62,Unwind - Unwind:,37338382
2018-04-18,2018-04-18,C42ITVI,MA6Z9LVT,USD,-11910716.62,Open new deposit - Open new deposit:,37338517
2018-04-18,2018-04-18,C42ITVI,MA6Z9LVT,USD,-1500045,Payment - Payment to: ***,37339404
2018-05-02,2018-05-04,C42ITVI,MA6Z9LVT,USD,11919596.72,Redemption - Redemption:,38274954
2018-05-03,2018-05-04,C42ITVI,MA6Z9LVT,USD,-11919596.72,Open new deposit - Open new deposit:,38351068
2018-05-31,2018-06-04,C42ITVI,MA6Z9LVT,USD,11936754.37,Redemption - Redemption:,40072091
2018-06-06,2018-06-06,C42ITVI,MA6Z9LVT,USD,-1300045,Payment - Payment to: ***,40474388
2018-08-28,2018-07-25,C42ITVI,MA6Z9LVT,USD,-21114.65,- Incoming Payment: ***,44076791
2018-08-06,2018-07-25,C42ITVI,MA6Z9LVT,USD,21114.65,Credit - Incoming Payment: ***,44076791
2018-08-06,2018-07-25,C42ITVI,MA6Z9LVT,USD,27754.15,Credit - Incoming Payment: ***,44080263
2018-07-26,2018-07-26,C42ITVI,MA6Z9LVT,USD,-10236709.37,Open new deposit - Open new deposit:,43522844
2018-07-31,2018-08-02,C42ITVI,MA6Z9LVT,USD,-83024.47,FX spot - Debit Forex Spot USD/PLN 3.605778 on 31 July 2018,43759537
2018-08-02,2018-08-06,C42ITVI,MA6Z9LVT,USD,-302623.79,FX spot - Debit Forex Spot USD/PLN 3.668963 on 2 August 2018,43846727
2018-08-07,2018-08-07,C42ITVI,MA6Z9LVT,USD,-50,Client Money Transfer - ***,44239082
2018-08-23,2018-08-27,C42ITVI,MA6Z9LVT,USD,10253702.31,Redemption - Redemption:,45353455
2018-08-29,2018-08-29,C42ITVI,MA6Z9LVT,USD,-10295758.2,Open new deposit - Open new deposit:,45353457
2018-08-29,2018-08-29,C42ITVI,MA6Z9LVT,USD,342426.42,Credit - Incoming Payment: ***,45655903
2018-09-04,2018-09-06,C42ITVI,MA6Z9LVT,USD,-4.07,Client Money Transfer - ***,45905146
2018-09-04,2018-09-06,C42ITVI,MA6Z9LVT,USD,-4.07,Client Money Transfer - ***,45905287
2018-09-04,2018-09-06,C42ITVI,MA6Z9LVT,USD,-4.07,Client Money Transfer - ***,45905307
2018-09-21,2018-09-25,C42ITVI,MA6Z9LVT,USD,-236391.51,FX spot - Debit Forex Spot USD/PLN 3.623691 on 21 September 2018,46670187
2018-10-03,2018-10-05,C42ITVI,MA6Z9LVT,USD,-4.08,Client Money Transfer - ***,47382614
2018-10-03,2018-10-05,C42ITVI,MA6Z9LVT,USD,-4.08,Client Money Transfer - ***,47382693
2018-11-27,2018-11-29,C42ITVI,MA6Z9LVT,USD,10350849.84,Redemption - Redemption:,51590527
2018-11-27,2018-11-29,C42ITVI,MA6Z9LVT,USD,-10350849.84,Open new deposit - Open new deposit:,51590533
2018-12-04,2018-12-04,C42ITVI,MA6Z9LVT,USD,-57666.2,FX spot - Debit Forex Spot EUR/USD 1.152287 on 4 December 2018,52109425
2018-12-27,2018-12-31,C42ITVI,MA6Z9LVT,USD,10369849.4,Redemption - Redemption:,53493331
2018-12-27,2018-12-31,C42ITVI,MA6Z9LVT,USD,-10369849.4,Open new deposit - Open new deposit:,53493336
2019-01-07,2019-01-07,C42ITVI,MA6Z9LVT,USD,1249997,Credit - Incoming Payment: ***,54068552
2019-01-22,2019-01-22,C42ITVI,MA6Z9LVT,USD,-1249997,Open new deposit - Open new deposit:,55303888
2019-01-25,2019-01-29,C42ITVI,MA6Z9LVT,USD,1250399.26,Redemption - Redemption:,55394044
2019-01-29,2019-01-31,C42ITVI,MA6Z9LVT,USD,10390365.14,Redemption - Redemption:,55579658
2019-01-29,2019-01-31,C42ITVI,MA6Z9LVT,USD,-11640764.4,Open new deposit - Open new deposit:,55579664
2019-02-26,2019-02-28,C42ITVI,MA6Z9LVT,USD,11660909.39,Redemption - Redemption:,57724057
2019-03-06,2019-03-08,C42ITVI,MA6Z9LVT,USD,-11709257.73,Open new deposit - Open new deposit:,58902106
2019-04-04,2019-04-08,C42ITVI,MA6Z9LVT,USD,11731490.68,Redemption - Redemption:,62216734
2019-04-05,2019-04-08,C42ITVI,MA6Z9LVT,USD,-540045,Payment - Payment to: ***,62459234
2019-04-05,2019-04-08,C42ITVI,MA6Z9LVT,USD,-133378,Payment - Payment to: *** *** *** US,62459503
2019-04-09,2019-04-09,C42ITVI,MA6Z9LVT,USD,-11058067.68,Open new deposit - Open new deposit:,62909393
2019-04-24,2019-04-23,C42ITVI,MA6Z9LVT,USD,5989.81,Credit - Incoming Payment: ***,64249366
2019-05-07,2019-05-09,C42ITVI,MA6Z9LVT,USD,11078962.82,Redemption - Redemption:,65725455
2019-05-08,2019-05-09,C42ITVI,MA6Z9LVT,USD,-5342476.32,Open new deposit - Open new deposit:,65725472
2019-05-08,2019-05-09,C42ITVI,MA6Z9LVT,USD,-5342476.31,Open new deposit - Open new deposit:,65963931
2019-06-06,2019-06-10,C42ITVI,MA6Z9LVT,USD,5353161.27,Redemption - Redemption:,69314374
2019-06-10,2019-06-10,C42ITVI,MA6Z9LVT,USD,-5353161.27,Open new deposit - Open new deposit:,69314380
2019-06-27,2019-06-27,C42ITVI,MA6Z9LVT,USD,-171795.22,FX spot - Debit Forex Spot EUR/USD 1.144958 on 27 June 2019,71890398
2019-07-05,2019-07-05,C42ITVI,MA6Z9LVT,USD,4877.12,Credit - Incoming Payment: ***,73059470
2019-07-08,2019-07-10,C42ITVI,MA6Z9LVT,USD,5362964.25,Redemption - Redemption:,73085198
2019-07-12,2019-07-12,C42ITVI,MA6Z9LVT,USD,-5353161.27,Open new deposit - Open new deposit:,73085204
2019-08-07,2019-08-09,C42ITVI,MA6Z9LVT,USD,5374526.72,Redemption - Redemption:,76492458
2019-08-08,2019-08-12,C42ITVI,MA6Z9LVT,USD,5362922.24,Redemption - Redemption:,76624048
2019-08-19,2019-08-19,C42ITVI,MA6Z9LVT,USD,-76685,Payment - Payment to: ***,77707536
2019-09-13,2019-09-13,C42ITVI,MA6Z9LVT,USD,-64045,Payment - ***,80536149
2019-09-26,2019-09-26,C42ITVI,MA6Z9LVT,USD,-5000000,Payment - Payment to: ***,81849323
2019-09-26,2019-09-26,C42ITVI,MA6Z9LVT,USD,-5000000,Payment - Payment to: ***,81849575
2019-10-01,2019-10-01,C42ITVI,MA6Z9LVT,USD,1249993,Credit - Incoming Payment: ***,82802991
2019-10-08,2019-10-08,C42ITVI,MA6Z9LVT,USD,6470.28,Credit - Incoming Payment: ***,83511337
2019-10-30,2019-10-30,C42ITVI,MA6Z9LVT,USD,-82560.07,FX spot - Debit Forex Spot EUR/USD 1.122579 on 30 October 2019,85850976
2019-10-30,2019-10-30,C42ITVI,MA6Z9LVT,USD,-22.44,Client Money Transfer - ***,85858633
2019-10-31,2019-10-31,C42ITVI,MA6Z9LVT,USD,-39.45,Client Money Transfer - ***,86011709
2019-11-11,2019-11-12,C42ITVI,MA6Z9LVT,USD,-1250045,Payment - Payment to: ***,87076262
2019-12-17,2019-12-17,C42ITVI,MA6Z9LVT,USD,-50,Client Money Transfer - ***,90797598
2020-01-06,2020-01-06,C42ITVI,MA6Z9LVT,USD,12056.23,Credit - Incoming Payment: ***,92895591
2020-01-16,2020-01-16,C42ITVI,MA6Z9LVT,USD,-168596.71,FX spot - Debit Forex Spot EUR/USD 1.123641 on 16 January 2020,94162413
2020-01-23,2020-01-23,C42ITVI,MA6Z9LVT,USD,-17045,Payment - Payment to: ***,94822823
2020-03-16,2020-03-16,C42ITVI,MA6Z9LVT,USD,-53090,Payment - Payment to: ***,100394505
2020-05-11,2020-05-11,C42ITVI,MA6Z9LVT,USD,10536,Credit - Incoming Payment: ***,107128598
2020-05-14,2020-05-14,C42ITVI,MA6Z9LVT,USD,7769.34,Credit - Incoming Payment: ***,107529914
2020-07-16,2020-07-16,C42ITVI,MA6Z9LVT,USD,-475045,Payment - Payment to: *** *** *** IL,114636203
2020-07-28,2020-07-28,C42ITVI,MA6Z9LVT,USD,8418.87,Credit - Incoming Payment: ***,116472729
2020-08-13,2020-08-13,C42ITVI,MA6Z9LVT,USD,-50,Client Money Transfer - ***,118516136
2020-10-29,2020-10-29,C42ITVI,MA6Z9LVT,USD,5820.76,Credit - Incoming Payment: ***,128640588
2020-10-29,2020-10-29,C42ITVI,MA6Z9LVT,USD,5327.84,Credit - Incoming Payment: ***,128641212
2020-10-29,2020-10-29,C42ITVI,MA6Z9LVT,USD,25872,Credit - Incoming Payment: ***,128652697
2020-11-19,2020-11-19,C42ITVI,MA6Z9LVT,USD,-500045,Foreign Payment - Outgoing payment: *** *** *** IL,131126838
2020-11-19,2020-11-19,C42ITVI,MA6Z9LVT,USD,350000,Credit - Incoming Payment: ***,131130671
2020-11-19,2020-11-19,C42ITVI,MA6Z9LVT,USD,350000,Credit - Incoming Payment: ***,131130893
2020-12-23,2020-12-23,C42ITVI,MA6Z9LVT,USD,-50,Client Money Transfer - ***,135224714
2021-02-02,2021-02-02,C42ITVI,MA6Z9LVT,USD,7379.62,Credit - Incoming Payment: ***,140674273
2021-02-02,2021-02-02,C42ITVI,MA6Z9LVT,USD,6961,Credit - Incoming Payment: ***,140710211
2021-02-08,2021-02-08,C42ITVI,MA6Z9LVT,USD,-60027,Foreign Payment - Outgoing payment: ***,141336672
2021-03-02,2021-03-02,C42ITVI,MA6Z9LVT,USD,300000,Credit - Incoming Payment: ***,144202177
2021-03-02,2021-03-02,C42ITVI,MA6Z9LVT,USD,300000,Credit - Incoming Payment: ***,144202152
2021-03-03,2021-03-03,C42ITVI,MA6Z9LVT,USD,-600045,Foreign Payment - ***,144199865
2021-04-29,2021-04-29,C42ITVI,MA6Z9LVT,USD,13364,Credit - Incoming Payment: ***,152141350
2021-05-04,2021-05-04,C42ITVI,MA6Z9LVT,USD,32858.22,Credit - Incoming Payment: ***,152901279
2021-05-21,2021-05-21,C42ITVI,MA6Z9LVT,USD,16740,Credit - Incoming Payment: ***,155163178
2021-05-27,2021-05-27,C42ITVI,MA6Z9LVT,USD,-1200045,Foreign Payment - Outgoing payment: ***,155829557
2021-05-27,2021-05-27,C42ITVI,MA6Z9LVT,USD,600000,Credit - Incoming Payment: ***,155830217
2021-05-27,2021-05-27,C42ITVI,MA6Z9LVT,USD,600000,Credit - Incoming Payment: ***,155830231
2021-06-02,2021-06-01,C42ITVI,MA6Z9LVT,USD,26610.25,Credit - Incoming Payment: ***,156582615
2021-06-22,2021-06-22,C42ITVI,MA6Z9LVT,USD,-35,Client Money Transfer - ***,158903856
2021-07-26,2021-07-26,C42ITVI,MA6Z9LVT,USD,-192045,Foreign Payment - Outgoing payment: ***,163828270
2021-07-29,2021-07-28,C42ITVI,MA6Z9LVT,USD,25826.23,Credit - Incoming Payment: ***,164403321
2021-08-05,2021-08-04,C42ITVI,MA6Z9LVT,USD,3612,Credit - Incoming Payment: ***,165361029
2021-08-18,2021-08-17,C42ITVI,MA6Z9LVT,USD,64683,Credit - Incoming Payment: ***,166856113
2021-08-27,2021-08-26,C42ITVI,MA6Z9LVT,USD,6899,Credit - Incoming Payment: ***,168008776
2021-08-31,2021-08-30,C42ITVI,MA6Z9LVT,USD,15716.8,Credit - Incoming Payment: ***,168331456
2021-10-05,2021-10-05,C42ITVI,MA6Z9LVT,USD,-60045,Foreign Payment - ***,173475734
2021-10-06,2021-10-06,C42ITVI,MA6Z9LVT,USD,-118796,Foreign Payment - ***,173647559
2021-10-20,2021-10-20,C42ITVI,MA6Z9LVT,USD,-600045,Foreign Payment - Outgoing payment: ***,175506870
2021-10-20,2021-10-20,C42ITVI,MA6Z9LVT,USD,300000,Credit - Incoming Payment: ***,175508205
2021-10-20,2021-10-20,C42ITVI,MA6Z9LVT,USD,300000,Credit - Incoming Payment: ***,175508229
2021-11-04,2021-11-03,C42ITVI,MA6Z9LVT,USD,1801.17,Credit - Incoming Payment: ***,177631393
2021-11-12,2021-11-12,C42ITVI,MA6Z9LVT,USD,-166262,Foreign Payment - Outgoing payment: ***,178824366
2021-11-12,2021-11-12,C42ITVI,MA6Z9LVT,USD,49664.22,FX spot - Credit Forex Spot EUR/USD 1.1329354 on 12 November 2021,178829708
2021-11-24,2021-11-23,C42ITVI,MA6Z9LVT,USD,13346,Credit - Incoming Payment: ***,182285205
2021-11-25,2021-11-24,C42ITVI,MA6Z9LVT,USD,20885.01,Credit - Incoming Payment: ***,182462620
2021-12-01,2021-11-30,C42ITVI,MA6Z9LVT,USD,6911,Credit - Incoming Payment: ***,183365300
2021-12-07,2021-12-07,C42ITVI,MA6Z9LVT,USD,150000,Credit - Incoming Payment: ***,184222307
2021-12-08,2021-12-08,C42ITVI,MA6Z9LVT,USD,-144453,Foreign Payment - ***,184221757
2021-12-30,2021-12-30,C42ITVI,MA6Z9LVT,USD,-35,Client Money Transfer - ***,187287067
2022-01-07,2022-01-07,C42ITVI,MA6Z9LVT,USD,-35,Client Money Transfer - ***,188878048
2022-01-11,2022-01-10,C42ITVI,MA6Z9LVT,USD,12965.57,Credit - Incoming Payment: ***,189268941
2022-02-01,2022-01-31,C42ITVI,MA6Z9LVT,USD,3918.7,Credit - Incoming Payment: ***,192376673
2022-02-07,2022-02-07,C42ITVI,MA6Z9LVT,USD,-13445,Foreign Payment - Outgoing payment: ***,193180630
2022-02-07,2022-02-07,C42ITVI,MA6Z9LVT,USD,-28050,Foreign Payment - Outgoing payment: ***,193181171
2022-02-08,2022-02-08,C42ITVI,MA6Z9LVT,USD,-77970,Foreign Payment - Outgoing payment: ***,193352594
2022-02-08,2022-02-08,C42ITVI,MA6Z9LVT,USD,150000,Credit - Incoming Payment: ***,193356282
2022-02-08,2022-02-08,C42ITVI,MA6Z9LVT,USD,150000,Credit - Incoming Payment: ***,193356286
2022-02-23,2022-02-22,C42ITVI,MA6Z9LVT,USD,6921,Credit - Incoming Payment: ***,195345139
2022-02-24,2022-02-23,C42ITVI,MA6Z9LVT,USD,11642,Credit - Incoming Payment: ***,195515405
2022-03-15,2022-03-15,C42ITVI,MA6Z9LVT,USD,80184,Credit - Incoming Payment: ***,198065258
2022-03-21,2022-03-21,C42ITVI,MA6Z9LVT,USD,-30,Client Money Transfer - ***,198761369
2022-03-21,2022-03-21,C42ITVI,MA6Z9LVT,USD,-35,Client Money Transfer - ***,198761389
2022-04-01,2022-03-31,C42ITVI,MA6Z9LVT,USD,18811.33,Credit - Incoming Payment: ***,201159082
2022-05-03,2022-05-02,C42ITVI,MA6Z9LVT,USD,5836.93,Credit - Incoming Payment: ***,206281079
2022-05-03,2022-05-03,C42ITVI,MA6Z9LVT,USD,-36073,Foreign Payment - Outgoing payment: ***,206287814
2022-05-26,2022-05-26,C42ITVI,MA6Z9LVT,USD,8942,Credit - Incoming Payment: ***,210282472
2022-06-06,2022-06-01,C42ITVI,MA6Z9LVT,USD,6922,Credit - Incoming Payment: ***,211489286
2022-06-07,2022-06-07,C42ITVI,MA6Z9LVT,USD,-16151,Foreign Payment - Outgoing payment: ***,211841950
2022-06-15,2022-06-15,C42ITVI,MA6Z9LVT,USD,-35,Client Money Transfer - ***,212985627
2022-07-11,2022-07-08,C42ITVI,MA6Z9LVT,USD,28700.48,Credit - Incoming Payment: ***,217323235
2022-07-12,2022-07-12,C42ITVI,MA6Z9LVT,USD,-52780,Foreign Payment - Outgoing payment: ***,217519414
2022-07-19,2022-07-19,C42ITVI,MA6Z9LVT,USD,-15,Client Money Transfer - ***,218528336
2022-08-02,2022-08-01,C42ITVI,MA6Z9LVT,USD,6951.68,Credit - Incoming Payment: ***,220486546
2022-08-04,2022-08-04,C42ITVI,MA6Z9LVT,USD,-15,Client Money Transfer - ***,220833226
2022-08-04,2022-08-04,C42ITVI,MA6Z9LVT,USD,-15,Client Money Transfer - ***,220833292
2022-08-05,2022-08-04,C42ITVI,MA6Z9LVT,USD,61918.42,Credit - Incoming Payment: ***,221007967
2022-08-17,2022-08-17,C42ITVI,MA6Z9LVT,USD,-15,Client Money Transfer - ***,222511541
2022-08-18,2022-08-17,C42ITVI,MA6Z9LVT,USD,3811,Credit - Incoming Payment: ***,222685060
2022-08-19,2022-08-19,C42ITVI,MA6Z9LVT,USD,-410000,Foreign Payment - Outgoing payment: ***,222870889
2022-08-19,2022-08-19,C42ITVI,MA6Z9LVT,USD,120000,Credit - Incoming Payment: ***,222871129
2022-08-19,2022-08-19,C42ITVI,MA6Z9LVT,USD,290000,Credit - Incoming Payment: ***,222871131
2022-08-22,2022-08-19,C42ITVI,MA6Z9LVT,USD,97137.77,Credit - Incoming Payment: ***,223070481
2022-08-30,2022-08-30,C42ITVI,MA6Z9LVT,USD,9208,Credit - Incoming Payment: ***,224129265
2022-08-31,2022-08-30,C42ITVI,MA6Z9LVT,USD,6897,Credit - Incoming Payment: ***,224318894
2022-09-06,2022-09-06,C42ITVI,MA6Z9LVT,USD,-18407,Foreign Payment - Outgoing payment: ***,225251626
2022-09-16,2022-09-16,C42ITVI,MA6Z9LVT,USD,-109451,Foreign Payment - Outgoing payment: ***,226658512
2022-09-20,2022-09-19,C42ITVI,MA6Z9LVT,USD,3984,Credit - Incoming Payment: ***,226918093
2022-09-21,2022-09-21,C42ITVI,MA6Z9LVT,USD,71880.12,Credit - Incoming Payment: ***,227292054
2022-09-22,2022-09-22,C42ITVI,MA6Z9LVT,USD,-15,Client Money Transfer - ***,227448473
2022-10-25,2022-10-25,C42ITVI,MA6Z9LVT,USD,-15,Client Money Transfer - ***,233195956
2022-10-25,2022-10-25,C42ITVI,MA6Z9LVT,USD,-77826,Foreign Payment - Outgoing payment: ***,233212714
2022-11-16,2022-11-15,C42ITVI,MA6Z9LVT,USD,6897,Credit - Incoming Payment: ***,236696850
2022-11-17,2022-11-21,C42ITVI,MA6Z9LVT,USD,882.78,Redemption - Redemption:,236920547
2022-11-24,2022-11-28,C42ITVI,MA6Z9LVT,USD,886.67,Redemption - Redemption:,238006956
2022-11-30,2022-11-29,C42ITVI,MA6Z9LVT,USD,5267,Credit - Incoming Payment: ***,239114822
2022-12-01,2022-12-01,C42ITVI,MA6Z9LVT,USD,-10289,Foreign Payment - ***,239492403
2022-12-01,2022-12-05,C42ITVI,MA6Z9LVT,USD,890.56,Redemption - Redemption:,239454643
2022-12-07,2022-12-07,C42ITVI,MA6Z9LVT,USD,-15,Client Money Transfer - ***,240360078
2022-12-19,2022-12-19,C42ITVI,MA6Z9LVT,USD,80000,Credit - Incoming Payment: ***,242383236
2022-12-19,2022-12-19,C42ITVI,MA6Z9LVT,USD,100000,Credit - Incoming Payment: ***,242383313
2022-12-19,2022-12-20,C42ITVI,MA6Z9LVT,USD,-509451.83,FX spot - Debit Forex Spot EUR/USD 1.064585 on 19 December 2022,242382910
2022-12-31,2022-12-31,C42ITVI,MA6Z9LVT,USD,162.5,Credit interest payment - 30/09/22-31/12/22: OTHERS - ORDINARY - OTHERS - NORMAL WITH INTERESTS USD,244287625
2022-12-31,2022-12-31,C42ITVI,MA6Z9LVT,USD,348.3,Credit interest payment - 30/09/22-31/12/22,244288105
2023-01-03,2023-01-05,C42ITVI,MA6Z9LVT,USD,5769.44,Redemption - Redemption:,244825426
2023-01-17,2023-01-17,C42ITVI,MA6Z9LVT,USD,-50045,Foreign Payment - Outgoing payment: ***,247293252
2023-01-17,2023-01-17,C42ITVI,MA6Z9LVT,USD,10000,Credit - Incoming Payment: ***,247297574
2023-01-17,2023-01-17,C42ITVI,MA6Z9LVT,USD,10000,Credit - Incoming Payment: ***,247297582
2023-01-26,2023-01-26,C42ITVI,MA6Z9LVT,USD,-15,Client Money Transfer - ***,248837412
2023-02-09,2023-02-08,C42ITVI,MA6Z9LVT,USD,6236,Credit - Incoming Payment: ***,251385490
2023-02-14,2023-02-14,C42ITVI,MA6Z9LVT,USD,-25955,Foreign Payment - Outgoing payment: ***,252050679
2023-02-14,2023-02-14,C42ITVI,MA6Z9LVT,USD,13000,Credit - Incoming Payment: ***,252051338
2023-02-14,2023-02-14,C42ITVI,MA6Z9LVT,USD,13000,Credit - Incoming Payment: ***,252051404
2023-02-16,2023-02-16,C42ITVI,MA6Z9LVT,USD,-15,Client Money Transfer - ***,252482705
2023-03-03,2023-03-02,C42ITVI,MA6Z9LVT,USD,2404,Credit - Incoming Payment: ***,255187645
2023-03-22,2023-03-22,C42ITVI,MA6Z9LVT,USD,-15,Client Money Transfer - ***,258333962
2023-03-22,2023-03-22,C42ITVI,MA6Z9LVT,USD,6169.34,Credit - Incoming Payment: ***,258362123
2023-03-31,2023-03-31,C42ITVI,MA6Z9LVT,USD,-11924,Foreign Payment - ***,260122541
2023-03-31,2023-03-31,C42ITVI,MA6Z9LVT,USD,5.69,Credit interest payment - 31/12/22-31/03/23,260215718
2023-04-03,2023-04-05,C42ITVI,MA6Z9LVT,USD,18450,Redemption - Redemption:,260649400
2023-04-18,2023-04-18,C42ITVI,MA6Z9LVT,USD,122171,Credit - Incoming Payment: ***,263878998
2023-06-02,2023-06-01,C42ITVI,MA6Z9LVT,USD,9341,Credit - Incoming Payment: ***,272118940
2023-06-06,2023-06-05,C42ITVI,MA6Z9LVT,USD,2909,Credit - Incoming Payment: ***,272650783
2023-06-08,2023-06-08,C42ITVI,MA6Z9LVT,USD,25015,Credit - Incoming Payment: ***,273174666
2023-06-14,2023-06-14,C42ITVI,MA6Z9LVT,USD,-15,Client Money Transfer - ***,274103406
2023-06-30,2023-06-30,C42ITVI,MA6Z9LVT,USD,95.9,Credit interest payment - 31/03/23-30/06/23: OTHERS - ORDINARY - OTHERS - NORMAL WITH INTERESTS USD,277413646
2023-06-30,2023-06-30,C42ITVI,MA6Z9LVT,USD,569.44,Credit interest payment - 31/03/23-30/06/23,277448107
2023-07-04,2023-07-06,C42ITVI,MA6Z9LVT,USD,19868.33,Redemption - Redemption:,278350309
2023-07-21,2023-07-21,C42ITVI,MA6Z9LVT,USD,17022.27,Credit - Incoming Payment: ***,281631434
2023-08-04,2023-08-03,C42ITVI,MA6Z9LVT,USD,200000,Credit - Incoming Payment: ***,284142547
2023-08-04,2023-08-03,C42ITVI,MA6Z9LVT,USD,750000,Credit - Incoming Payment: ***,284142635
2023-08-07,2023-08-07,C42ITVI,MA6Z9LVT,USD,-500045,Foreign Payment - Outgoing payment: *** *** *** IL,284464482
2023-08-07,2023-08-07,C42ITVI,MA6Z9LVT,USD,-500045,Foreign Payment - Outgoing payment: *** *** *** IL,284464668
2023-08-08,2023-08-07,C42ITVI,MA6Z9LVT,USD,4254,Credit - Incoming Payment: ***,284640726
2023-08-11,2023-08-10,C42ITVI,MA6Z9LVT,USD,7664.75,Credit - Incoming Payment: ***,285282262
2023-08-17,2023-08-17,C42ITVI,MA6Z9LVT,USD,2536.25,Credit - Incoming Payment: ***,286196865
2023-08-18,2023-08-17,C42ITVI,MA6Z9LVT,USD,9104,Credit - Incoming Payment: ***,286367180
2023-08-18,2023-08-21,C42ITVI,MA6Z9LVT,USD,-75387,Foreign Payment - Outgoing payment: ***,286401505
2023-09-05,2023-09-05,C42ITVI,MA6Z9LVT,USD,1893,Credit - Incoming Payment: ***,289246205
2023-09-11,2023-09-08,C42ITVI,MA6Z9LVT,USD,40750,Credit - Incoming Payment: ***,290139822
2023-09-15,2023-09-15,C42ITVI,MA6Z9LVT,USD,-15,Client Money Transfer - ***,291030222
2023-09-20,2023-09-20,C42ITVI,MA6Z9LVT,USD,-15,Client Money Transfer - ***,291672395
2023-09-20,2023-09-20,C42ITVI,MA6Z9LVT,USD,-15,Client Money Transfer - ***,291672403
2023-09-30,2023-09-30,C42ITVI,MA6Z9LVT,USD,1124.64,Credit interest payment - 30/06/23-30/09/23,293434440
2023-10-04,2023-10-06,C42ITVI,MA6Z9LVT,USD,10988.89,Redemption - Redemption:,294657544
2023-10-09,2023-10-06,C42ITVI,MA6Z9LVT,USD,18209.44,Credit - Incoming Payment: ***,295292439
2023-10-19,2023-10-18,C42ITVI,MA6Z9LVT,USD,782423,Credit - Incoming Payment: ***,297453521
2023-11-09,2023-11-09,C42ITVI,MA6Z9LVT,USD,38415,Credit - Incoming Payment: ***,300348712
2023-12-01,2023-12-01,C42ITVI,MA6Z9LVT,USD,-700045,Foreign Payment - Outgoing payment: ***,302051439
2023-12-01,2023-12-01,C42ITVI,MA6Z9LVT,USD,-10037,Foreign Payment - ***,302051608
2023-12-04,2023-12-04,C42ITVI,MA6Z9LVT,USD,12381,Credit - Incoming Payment: ***,302405948
2023-12-05,2023-12-05,C42ITVI,MA6Z9LVT,USD,4149,Credit - Incoming Payment: ***,302481006
2024-01-02,2023-12-29,C42ITVI,MA6Z9LVT,USD,15031.8,Credit - Incoming Payment: ***,304199754
2023-12-31,2023-12-31,C42ITVI,MA6Z9LVT,USD,3385.61,Credit interest payment - 30/09/23-31/12/23,304328781
2024-03-31,2023-12-31,C42ITVI,MA6Z9LVT,USD,0.94,Interest correction - 30/09/23-31/12/23,312152189
2024-01-04,2024-01-03,C42ITVI,MA6Z9LVT,USD,20190,Credit - Incoming Payment: ***,305117376
2024-01-04,2024-01-08,C42ITVI,MA6Z9LVT,USD,11306.11,Redemption - Redemption:,305088928
2024-01-11,2024-01-11,C42ITVI,MA6Z9LVT,USD,-15,Client Money Transfer - ***,305577572
2024-01-12,2024-01-12,C42ITVI,MA6Z9LVT,USD,-15,Client Money Transfer - ***,305683660
2024-01-15,2024-01-12,C42ITVI,MA6Z9LVT,USD,13436,Credit - Incoming Payment: ***,305823831
2024-01-17,2024-01-16,C42ITVI,MA6Z9LVT,USD,18036,Credit - Incoming Payment: ***,305997793
2024-01-15,2024-01-17,C42ITVI,MA6Z9LVT,USD,-24618,Foreign Payment - Outgoing payment: ***,305846182
2024-02-08,2024-02-07,C42ITVI,MA6Z9LVT,USD,4544,Credit - Incoming Payment: ***,307851642
2024-02-13,2024-02-12,C42ITVI,MA6Z9LVT,USD,16816,Credit - Incoming Payment: ***,308183266
2024-02-29,2024-02-29,C42ITVI,MA6Z9LVT,USD,-15,Client Money Transfer - ***,309357738
2024-03-18,2024-03-18,C42ITVI,MA6Z9LVT,USD,-6651,Foreign Payment - ***,310844058
2024-03-28,2024-03-28,C42ITVI,MA6Z9LVT,USD,6942,Credit - Incoming Payment: ***,311632722
2024-04-02,2024-03-28,C42ITVI,MA6Z9LVT,USD,10394,Credit - Incoming Payment: ***,312383521
2024-04-02,2024-03-28,C42ITVI,MA6Z9LVT,USD,11499.55,Credit - Incoming Payment: ***,312388082
2024-03-31,2024-03-31,C42ITVI,MA6Z9LVT,USD,2098.72,Credit interest payment - 31/12/23-31/03/24,311770729
2024-06-30,2024-03-31,C42ITVI,MA6Z9LVT,USD,2.74,Interest correction - 31/12/23-31/03/24,325087380
2024-04-04,2024-04-08,C42ITVI,MA6Z9LVT,USD,10743.06,Redemption - Redemption:,312531536
2024-04-10,2024-04-10,C42ITVI,MA6Z9LVT,USD,-15,Client Money Transfer - ***,312936330
2024-04-11,2024-04-15,C42ITVI,MA6Z9LVT,USD,822.5,Redemption - Redemption:,313004721
2024-04-18,2024-04-22,C42ITVI,MA6Z9LVT,USD,822.5,Redemption - Redemption:,313532029
2024-04-25,2024-04-29,C42ITVI,MA6Z9LVT,USD,822.5,Redemption - Redemption:,314112038
2024-04-29,2024-04-30,C42ITVI,MA6Z9LVT,USD,-90045,Foreign Payment - Outgoing payment: ***,314394632
2024-05-02,2024-05-06,C42ITVI,MA6Z9LVT,USD,822.5,Redemption - Redemption:,314770295
2024-05-08,2024-05-07,C42ITVI,MA6Z9LVT,USD,5280,Credit - Incoming Payment: ***,315180611
2024-05-08,2024-05-13,C42ITVI,MA6Z9LVT,USD,822.5,Redemption - Redemption:,315146410
2024-05-16,2024-05-20,C42ITVI,MA6Z9LVT,USD,822.5,Redemption - Redemption:,315754695
2024-05-23,2024-05-28,C42ITVI,MA6Z9LVT,USD,940,Redemption - Redemption:,316230720
2024-06-03,2024-05-31,C42ITVI,MA6Z9LVT,USD,9001,Credit - Incoming Payment: ***,317300950
2024-05-31,2024-06-04,C42ITVI,MA6Z9LVT,USD,822.5,Redemption - Redemption:,316932366
2024-06-07,2024-06-11,C42ITVI,MA6Z9LVT,USD,822.5,Redemption - Redemption:,317732921
2024-06-14,2024-06-18,C42ITVI,MA6Z9LVT,USD,822.5,Redemption - Redemption:,322698467
2024-06-20,2024-06-20,C42ITVI,MA6Z9LVT,USD,6363,Credit - Incoming Payment: ***,323519481
2024-06-21,2024-06-25,C42ITVI,MA6Z9LVT,USD,826.39,Redemption - Redemption:,323598697
2024-06-26,2024-06-25,C42ITVI,MA6Z9LVT,USD,29902,Credit - Incoming Payment: ***,324138817
2024-06-30,2024-06-30,C42ITVI,MA6Z9LVT,USD,2093.2,Credit interest payment - 31/03/24-30/06/24,324514513
2024-09-30,2024-06-30,C42ITVI,MA6Z9LVT,USD,0.03,Interest correction - 31/03/24-30/06/24,337350965
2024-06-28,2024-07-02,C42ITVI,MA6Z9LVT,USD,826.39,Redemption - Redemption:,324359182
2024-07-05,2024-07-09,C42ITVI,MA6Z9LVT,USD,826.39,Redemption - Redemption:,325673051
2024-07-09,2024-07-09,C42ITVI,MA6Z9LVT,USD,16430,Credit - Incoming Payment: ***,326011056
2024-07-09,2024-07-09,C42ITVI,MA6Z9LVT,USD,4846.46,Credit - Incoming Payment: ***,326017875
2024-07-12,2024-07-16,C42ITVI,MA6Z9LVT,USD,824.44,Redemption - Redemption:,326331112
2024-07-19,2024-07-23,C42ITVI,MA6Z9LVT,USD,824.44,Redemption - Redemption:,326963661
2024-07-26,2024-07-30,C42ITVI,MA6Z9LVT,USD,826.39,Redemption - Redemption:,327779193
2024-08-02,2024-08-06,C42ITVI,MA6Z9LVT,USD,826.39,Redemption - Redemption:,329948540
2024-08-07,2024-08-06,C42ITVI,MA6Z9LVT,USD,5989,Credit - Incoming Payment: ***,330810811
2024-08-09,2024-08-13,C42ITVI,MA6Z9LVT,USD,826.39,Redemption - Redemption:,331054169
2024-08-16,2024-08-20,C42ITVI,MA6Z9LVT,USD,822.5,Redemption - Redemption:,331784625
2024-08-21,2024-08-20,C42ITVI,MA6Z9LVT,USD,869.25,Credit - Incoming Payment: ***,332267171
2024-08-21,2024-08-21,C42ITVI,MA6Z9LVT,USD,6311,Credit - Incoming Payment: ***,332287285
2024-08-22,2024-08-27,C42ITVI,MA6Z9LVT,USD,826.39,Redemption - Redemption:,332333872
2024-08-30,2024-08-30,C42ITVI,MA6Z9LVT,USD,-12152,Foreign Payment - ***,333581454
2024-08-30,2024-08-30,C42ITVI,MA6Z9LVT,USD,-60045,Foreign Payment - Outgoing payment: ***,333581713
2024-08-30,2024-09-03,C42ITVI,MA6Z9LVT,USD,828.33,Redemption - Redemption:,333493743
2024-09-06,2024-09-10,C42ITVI,MA6Z9LVT,USD,826.39,Redemption - Redemption:,334320037
2024-09-13,2024-09-17,C42ITVI,MA6Z9LVT,USD,828.33,Redemption - Redemption:,335076402
2024-09-20,2024-09-24,C42ITVI,MA6Z9LVT,USD,750.56,Redemption - Redemption:,335788120
2024-09-30,2024-09-30,C42ITVI,MA6Z9LVT,USD,-389324.09,Open new deposit - Open new deposit:,336841458
2024-09-30,2024-09-30,C42ITVI,MA6Z9LVT,USD,2190.71,Credit interest payment - 30/06/24-30/09/24,336929418
2024-09-27,2024-10-01,C42ITVI,MA6Z9LVT,USD,733.06,Redemption - Redemption:,336563834
2024-10-03,2024-10-07,C42ITVI,MA6Z9LVT,USD,389674.59,Redemption - Redemption:,337815164
2024-10-07,2024-10-07,C42ITVI,MA6Z9LVT,USD,-391865.33,Open new deposit - Open new deposit:,337815171
2024-10-04,2024-10-08,C42ITVI,MA6Z9LVT,USD,731.11,Redemption - Redemption:,337997666
2024-10-08,2024-10-08,C42ITVI,MA6Z9LVT,USD,391917.91,Unwind - Unwind:,338426962
2024-10-08,2024-10-08,C42ITVI,MA6Z9LVT,USD,-120045,Foreign Payment - Outgoing payment: ***,338430380
2024-10-08,2024-10-08,C42ITVI,MA6Z9LVT,USD,-272604.02,Open new deposit - Open new deposit:,338431043
2024-10-11,2024-10-15,C42ITVI,MA6Z9LVT,USD,729.17,Redemption - Redemption:,338898085
2024-10-11,2024-10-15,C42ITVI,MA6Z9LVT,USD,272849.44,Redemption - Redemption:,338902660
2024-10-15,2024-10-15,C42ITVI,MA6Z9LVT,USD,-285085.61,Open new deposit - Open new deposit:,338902680
2024-10-14,2024-10-15,C42ITVI,MA6Z9LVT,USD,11507,Credit - Incoming Payment: ***,339174778
2024-10-18,2024-10-17,C42ITVI,MA6Z9LVT,USD,12325,Credit - Incoming Payment: ***,339723626
2024-10-18,2024-10-22,C42ITVI,MA6Z9LVT,USD,729.17,Redemption - Redemption:,339669618
2024-10-18,2024-10-22,C42ITVI,MA6Z9LVT,USD,285342.27,Redemption - Redemption:,339670693
2024-10-22,2024-10-22,C42ITVI,MA6Z9LVT,USD,-298396.44,Open new deposit - Open new deposit:,339670714
2024-10-25,2024-10-29,C42ITVI,MA6Z9LVT,USD,733.06,Redemption - Redemption:,340297787
2024-10-25,2024-10-29,C42ITVI,MA6Z9LVT,USD,298666.24,Redemption - Redemption:,340299355
2024-10-29,2024-10-29,C42ITVI,MA6Z9LVT,USD,-299399.3,Open new deposit - Open new deposit:,340299367
2024-11-01,2024-11-05,C42ITVI,MA6Z9LVT,USD,733.06,Redemption - Redemption:,340887801
2024-11-01,2024-11-05,C42ITVI,MA6Z9LVT,USD,299670.01,Redemption - Redemption:,340888919
2024-11-04,2024-11-05,C42ITVI,MA6Z9LVT,USD,-300403.07,Open new deposit - Open new deposit:,340888929
2024-11-08,2024-11-07,C42ITVI,MA6Z9LVT,USD,5298,Credit - Incoming Payment: ***,341636187
2024-11-08,2024-11-12,C42ITVI,MA6Z9LVT,USD,696.11,Redemption - Redemption:,341593481
2024-11-08,2024-11-12,C42ITVI,MA6Z9LVT,USD,300663.59,Redemption - Redemption:,341595012
2024-11-12,2024-11-12,C42ITVI,MA6Z9LVT,USD,-306657.7,Open new deposit - Open new deposit:,341595025
2024-11-12,2024-11-12,C42ITVI,MA6Z9LVT,USD,79844.71,Credit - Incoming Payment: ***,341905639
2024-11-18,2024-11-18,C42ITVI,MA6Z9LVT,USD,-38701,Foreign Payment - Outgoing payment: ***,342352634
2024-11-15,2024-11-19,C42ITVI,MA6Z9LVT,USD,682.5,Redemption - Redemption:,342134033
2024-11-15,2024-11-19,C42ITVI,MA6Z9LVT,USD,306919.47,Redemption - Redemption:,342135009
2024-11-19,2024-11-19,C42ITVI,MA6Z9LVT,USD,-348745.68,Open new deposit - Open new deposit:,342135022
2024-11-22,2024-11-26,C42ITVI,MA6Z9LVT,USD,614.25,Redemption - Redemption:,342699815
2024-11-22,2024-11-26,C42ITVI,MA6Z9LVT,USD,349043.37,Redemption - Redemption:,342703918
2024-11-26,2024-11-26,C42ITVI,MA6Z9LVT,USD,-349657.62,Open new deposit - Open new deposit:,342703942
2024-12-02,2024-11-29,C42ITVI,MA6Z9LVT,USD,2857.25,Credit - Incoming Payment: ***,343460811
2024-11-29,2024-12-03,C42ITVI,MA6Z9LVT,USD,616,Redemption - Redemption:,343228119
2024-11-29,2024-12-03,C42ITVI,MA6Z9LVT,USD,349956.77,Redemption - Redemption:,343229915
2024-12-03,2024-12-03,C42ITVI,MA6Z9LVT,USD,-340843.02,Open new deposit - Open new deposit:,343229933
2024-12-02,2024-12-03,C42ITVI,MA6Z9LVT,USD,-12587,Foreign Payment - ***,343477738
2024-12-06,2024-12-10,C42ITVI,MA6Z9LVT,USD,614.25,Redemption - Redemption:,343804293
2024-12-06,2024-12-10,C42ITVI,MA6Z9LVT,USD,341133.97,Redemption - Redemption:,343805798
2024-12-10,2024-12-10,C42ITVI,MA6Z9LVT,USD,-341748.22,Open new deposit - Open new deposit:,343805809
2024-12-11,2024-12-11,C42ITVI,MA6Z9LVT,USD,4923,Credit - Incoming Payment: ***,344199258
2024-12-12,2024-12-11,C42ITVI,MA6Z9LVT,USD,6227,Credit - Incoming Payment: ***,344290152
2024-12-13,2024-12-17,C42ITVI,MA6Z9LVT,USD,612.5,Redemption - Redemption:,344343091
2024-12-13,2024-12-17,C42ITVI,MA6Z9LVT,USD,342039.28,Redemption - Redemption:,344344004
2024-12-17,2024-12-17,C42ITVI,MA6Z9LVT,USD,-353801.78,Open new deposit - Open new deposit:,344344012
2024-12-20,2024-12-24,C42ITVI,MA6Z9LVT,USD,574,Redemption - Redemption:,344897175
2024-12-20,2024-12-24,C42ITVI,MA6Z9LVT,USD,354087.97,Redemption - Redemption:,344898313
2024-12-24,2024-12-24,C42ITVI,MA6Z9LVT,USD,-354661.97,Open new deposit - Open new deposit:,344898328
2024-12-27,2024-12-31,C42ITVI,MA6Z9LVT,USD,568.75,Redemption - Redemption:,345336088
2024-12-27,2024-12-31,C42ITVI,MA6Z9LVT,USD,354946.78,Redemption - Redemption:,345336853
2024-12-30,2024-12-31,C42ITVI,MA6Z9LVT,USD,-355515.53,Open new deposit - Open new deposit:,345336860
2024-12-31,2024-12-31,C42ITVI,MA6Z9LVT,USD,112.71,Credit interest payment - 30/09/24-31/12/24: OTHERS - ORDINARY - OTHERS - NORMAL WITH INTERESTS USD,345717331
2024-12-31,2024-12-31,C42ITVI,MA6Z9LVT,USD,12.92,Credit interest payment - 30/09/24-31/12/24,345721540
2025-01-03,2025-01-03,C42ITVI,MA6Z9LVT,USD,100000,Client Money Transfer - Transfer to ***,346488245
2025-01-03,2025-01-03,C42ITVI,MA6Z9LVT,USD,123694.95,Credit - Incoming Payment: ***,346490135
2025-01-03,2025-01-03,C42ITVI,MA6Z9LVT,USD,174179.42,Credit - Incoming Payment: ***,346490481
2025-01-03,2025-01-03,C42ITVI,MA6Z9LVT,USD,-398000,Foreign Payment - Outgoing payment: ***,346491839
2025-01-03,2025-01-07,C42ITVI,MA6Z9LVT,USD,575.75,Redemption - Redemption:,346363156
2025-01-03,2025-01-07,C42ITVI,MA6Z9LVT,USD,355803.79,Redemption - Redemption:,346364138
2025-01-07,2025-01-07,C42ITVI,MA6Z9LVT,USD,-284334.54,Open new deposit - Open new deposit:,346364147
2025-01-06,2025-01-07,C42ITVI,MA6Z9LVT,USD,-72045,Foreign Payment - Outgoing payment: ***,346740067
2025-01-10,2025-01-10,C42ITVI,MA6Z9LVT,USD,36348.6,Credit - Incoming Payment: ***,347157757
2025-01-10,2025-01-14,C42ITVI,MA6Z9LVT,USD,561.75,Redemption - Redemption:,347085871
2025-01-10,2025-01-14,C42ITVI,MA6Z9LVT,USD,284560.66,Redemption - Redemption:,347086872
2025-01-14,2025-01-14,C42ITVI,MA6Z9LVT,USD,-285122.41,Open new deposit - Open new deposit:,347086888
2025-01-17,2025-01-21,C42ITVI,MA6Z9LVT,USD,561.75,Redemption - Redemption:,347666192
2025-01-17,2025-01-21,C42ITVI,MA6Z9LVT,USD,285349.16,Redemption - Redemption:,347666810
2025-01-21,2025-01-21,C42ITVI,MA6Z9LVT,USD,-262199.51,Open new deposit - Open new deposit:,347666819
2025-01-20,2025-01-21,C42ITVI,MA6Z9LVT,USD,-15,Client Money Transfer - ***,347831928
2025-01-21,2025-01-21,C42ITVI,MA6Z9LVT,USD,-60045,Foreign Payment - Outgoing payment: ***,347933127
2025-01-24,2025-01-28,C42ITVI,MA6Z9LVT,USD,561.75,Redemption - Redemption:,348286640
2025-01-24,2025-01-28,C42ITVI,MA6Z9LVT,USD,262408.03,Redemption - Redemption:,348287339
2025-01-28,2025-01-28,C42ITVI,MA6Z9LVT,USD,-262969.78,Open new deposit - Open new deposit:,348287348
2025-02-04,2025-02-03,C42ITVI,MA6Z9LVT,USD,5235,Credit - Incoming Payment: ***,349327021
2025-01-31,2025-02-04,C42ITVI,MA6Z9LVT,USD,565.25,Redemption - Redemption:,348970521
2025-01-31,2025-02-04,C42ITVI,MA6Z9LVT,USD,263179.94,Redemption - Redemption:,348971650
2025-02-04,2025-02-04,C42ITVI,MA6Z9LVT,USD,-268980.19,Open new deposit - Open new deposit:,348971673
2025-02-04,2025-02-04,C42ITVI,MA6Z9LVT,USD,17447,Credit - Incoming Payment: ***,349447739
2025-02-07,2025-02-06,C42ITVI,MA6Z9LVT,USD,5298,Credit - Incoming Payment: ***,349760226
2025-02-07,2025-02-11,C42ITVI,MA6Z9LVT,USD,563.5,Redemption - Redemption:,349721782
2025-02-07,2025-02-11,C42ITVI,MA6Z9LVT,USD,269194.63,Redemption - Redemption:,349722885
2025-02-11,2025-02-11,C42ITVI,MA6Z9LVT,USD,-292503.13,Open new deposit - Open new deposit:,349722898
2025-02-14,2025-02-18,C42ITVI,MA6Z9LVT,USD,565.25,Redemption - Redemption:,350390492
2025-02-14,2025-02-18,C42ITVI,MA6Z9LVT,USD,292736.89,Redemption - Redemption:,350391100
2025-02-18,2025-02-18,C42ITVI,MA6Z9LVT,USD,-293302.14,Open new deposit - Open new deposit:,350391110
2025-02-20,2025-02-20,C42ITVI,MA6Z9LVT,USD,12625.1,Credit - Incoming Payment: ***,350885943
2025-02-21,2025-02-25,C42ITVI,MA6Z9LVT,USD,563.5,Redemption - Redemption:,350909026
2025-02-21,2025-02-25,C42ITVI,MA6Z9LVT,USD,293535.97,Redemption - Redemption:,350909701
2025-02-25,2025-02-25,C42ITVI,MA6Z9LVT,USD,-306724.57,Open new deposit - Open new deposit:,350909711
2025-02-28,2025-03-04,C42ITVI,MA6Z9LVT,USD,567,Redemption - Redemption:,351492560
2025-02-28,2025-03-04,C42ITVI,MA6Z9LVT,USD,306970.29,Redemption - Redemption:,351492925
2025-03-04,2025-03-04,C42ITVI,MA6Z9LVT,USD,-307537.29,Open new deposit - Open new deposit:,351492930
2025-03-05,2025-03-04,C42ITVI,MA6Z9LVT,USD,6291,Credit - Incoming Payment: ***,351983476
2025-03-07,2025-03-11,C42ITVI,MA6Z9LVT,USD,567,Redemption - Redemption:,352223121
2025-03-07,2025-03-11,C42ITVI,MA6Z9LVT,USD,307783.66,Redemption - Redemption:,352223717
2025-03-11,2025-03-11,C42ITVI,MA6Z9LVT,USD,-314641.66,Open new deposit - Open new deposit:,352223726
2025-03-13,2025-03-12,C42ITVI,MA6Z9LVT,USD,6547.25,Credit - Incoming Payment: ***,352743112
2025-03-14,2025-03-18,C42ITVI,MA6Z9LVT,USD,568.75,Redemption - Redemption:,352809195
2025-03-14,2025-03-18,C42ITVI,MA6Z9LVT,USD,314894.33,Redemption - Redemption:,352809786
2025-03-18,2025-03-18,C42ITVI,MA6Z9LVT,USD,-322010.33,Open new deposit - Open new deposit:,352809796
2025-03-19,2025-03-19,C42ITVI,MA6Z9LVT,USD,17985,Credit - Incoming Payment: ***,353349643
2025-03-20,2025-03-20,C42ITVI,MA6Z9LVT,USD,-15,Client Money Transfer - ***,353444994
2025-03-24,2025-03-24,C42ITVI,MA6Z9LVT,USD,-10260,Foreign Payment - ***,353729140
2025-03-21,2025-03-25,C42ITVI,MA6Z9LVT,USD,565.25,Redemption - Redemption:,353494640
2025-03-21,2025-03-25,C42ITVI,MA6Z9LVT,USD,322267.67,Redemption - Redemption:,353495256
2025-03-25,2025-03-25,C42ITVI,MA6Z9LVT,USD,-330542.92,Open new deposit - Open new deposit:,353495273
2025-03-31,2025-03-31,C42ITVI,MA6Z9LVT,USD,6.88,Credit interest payment - 31/12/24-31/03/25: OTHERS - ORDINARY - OTHERS - NORMAL WITH INTERESTS USD,354542618
2025-03-31,2025-03-31,C42ITVI,MA6Z9LVT,USD,0.9,Credit interest payment - 31/12/24-31/03/25,354542802
2025-03-28,2025-04-01,C42ITVI,MA6Z9LVT,USD,568.75,Redemption - Redemption:,354123462
2025-03-28,2025-04-01,C42ITVI,MA6Z9LVT,USD,330808.36,Redemption - Redemption:,354123974
2025-04-01,2025-04-01,C42ITVI,MA6Z9LVT,USD,-331384.89,Open new deposit - Open new deposit:,354123982
2025-04-04,2025-04-08,C42ITVI,MA6Z9LVT,USD,331384.89,Redemption - Redemption:,355542092
2025-04-08,2025-04-08,C42ITVI,MA6Z9LVT,USD,-331384.89,Open new deposit - Open new deposit:,355542101
2025-04-11,2025-04-15,C42ITVI,MA6Z9LVT,USD,331384.89,Redemption - Redemption:,356492842
2025-04-15,2025-04-15,C42ITVI,MA6Z9LVT,USD,-331384.89,Open new deposit - Open new deposit:,356492857
2025-04-16,2025-04-22,C42ITVI,MA6Z9LVT,USD,331384.89,Redemption - Redemption:,356937534
2025-04-22,2025-04-22,C42ITVI,MA6Z9LVT,USD,-331384.89,Open new deposit - Open new deposit:,356937537
2025-04-25,2025-04-29,C42ITVI,MA6Z9LVT,USD,331384.89,Redemption - Redemption:,357558610
2025-04-29,2025-04-29,C42ITVI,MA6Z9LVT,USD,-331384.89,Open new deposit - Open new deposit:,357558628
2025-05-02,2025-05-06,C42ITVI,MA6Z9LVT,USD,331384.89,Redemption - Redemption:,358212918
2025-05-06,2025-05-06,C42ITVI,MA6Z9LVT,USD,-331384.89,Open new deposit - Open new deposit:,358212925
2018-07-31,2018-08-02,C42ITVI,MJG9L7M3,PLN,-299367.82,Payment - Payment to: ***,43758602
2018-07-31,2018-08-02,C42ITVI,MJG9L7M3,PLN,299367.82,FX spot - Credit Forex Spot USD/PLN 3.605778 on 31 July 2018,43759537
2018-08-02,2018-08-06,C42ITVI,MJG9L7M3,PLN,-8917.75,Payment - Payment to: ***,43845063
2018-08-02,2018-08-06,C42ITVI,MJG9L7M3,PLN,-1101397.75,Payment - Payment to: ***,43846263
2018-08-02,2018-08-06,C42ITVI,MJG9L7M3,PLN,1110315.5,FX spot - Credit Forex Spot USD/PLN 3.668963 on 2 August 2018,43846727
2018-09-21,2018-09-25,C42ITVI,MJG9L7M3,PLN,-6919.89,Payment - Payment to: ***,46669620
2018-09-21,2018-09-25,C42ITVI,MJG9L7M3,PLN,-849689.89,Payment - Payment to: ***,46669679
2018-09-21,2018-09-25,C42ITVI,MJG9L7M3,PLN,856609.78,FX spot - Credit Forex Spot USD/PLN 3.623691 on 21 September 2018,46670187
2025-04-04,2025-04-08,CE52KEB,MB37A4EW,USD,565.25,Redemption - Redemption:,355541629
2025-04-04,2025-04-08,CE52KEB,MB37A4EW,USD,264.83,Redemption - Redemption:,355542092
2025-04-11,2025-04-15,CE52KEB,MB37A4EW,USD,565.25,Redemption - Redemption:,356492121
2025-04-11,2025-04-15,CE52KEB,MB37A4EW,USD,264.83,Redemption - Redemption:,356492842
2025-04-16,2025-04-22,CE52KEB,MB37A4EW,USD,570.5,Redemption - Redemption:,356937371
2025-04-16,2025-04-22,CE52KEB,MB37A4EW,USD,266.76,Redemption - Redemption:,356937534
2025-04-25,2025-04-29,CE52KEB,MB37A4EW,USD,570.5,Redemption - Redemption:,357558236
2025-04-25,2025-04-29,CE52KEB,MB37A4EW,USD,266.76,Redemption - Redemption:,357558610
2025-05-02,2025-05-06,CE52KEB,MB37A4EW,USD,568.75,Redemption - Redemption:,358212639
2025-05-02,2025-05-06,CE52KEB,MB37A4EW,USD,266.12,Redemption - Redemption:,358212918
2018-12-17,2018-12-19,CRU56XZ,M29T8W3T,PLN,-390317.24,Payment - Payment to: ***,52750346
2018-12-17,2018-12-19,CRU56XZ,M29T8W3T,PLN,-3267.24,Payment - Payment to: ***,52750566
2018-12-17,2018-12-19,CRU56XZ,M29T8W3T,PLN,393584.48,FX spot - Credit Forex Spot EUR/PLN 4.256138 on 17 December 2018,52751134
2018-01-17,2018-01-17,CRU56XZ,MMJGZQQW,EUR,800000,Credit - Incoming Payment: ***,31716532
2018-05-18,2018-05-18,CRU56XZ,MMJGZQQW,EUR,-42.95,Client Money Transfer - ***,39302589
2018-05-24,2018-05-24,CRU56XZ,MMJGZQQW,EUR,-20,Client Money Transfer - ***,39647168
2018-12-17,2018-12-19,CRU56XZ,MMJGZQQW,EUR,-92474.56,FX spot - Debit Forex Spot EUR/PLN 4.256138 on 17 December 2018,52751134
2019-04-10,2019-04-10,CRU56XZ,MMJGZQQW,EUR,-0.8,Client Money Transfer - ***,63042892
2019-12-10,2019-12-12,CRU56XZ,MMJGZQQW,EUR,-30019.87,FX spot - Debit Forex Spot EUR/GBP 0.833115 on 10 December 2019,90136366
2020-09-11,2020-09-14,CRU56XZ,MMJGZQQW,EUR,-27269.23,FX spot - Debit Forex Spot EUR/GBP 0.917151 on 11 September 2020,121871481
2021-09-10,2021-09-10,CRU56XZ,MMJGZQQW,EUR,-29619.66,FX spot - Debit Forex Spot EUR/GBP 0.8440341 on 10 September 2021,169852785
2021-11-12,2021-11-12,CRU56XZ,MMJGZQQW,EUR,-43836.76,FX spot - Debit Forex Spot EUR/USD 1.1329354 on 12 November 2021,178829708
2022-03-23,2022-03-23,CRU56XZ,MMJGZQQW,EUR,-400045,Foreign Payment - ***,199252180
2022-04-21,2022-04-21,CRU56XZ,MMJGZQQW,EUR,-125978.44,FX spot - Debit Forex Spot EUR/USD 1.0825741 on 21 April 2022,204277960
2022-09-07,2022-09-07,CRU56XZ,MMJGZQQW,EUR,-50692.73,Domestic Payment - Outgoing payment: ***,225415520
2019-12-10,2019-12-12,CRU56XZ,MMP7H429,GBP,25010,FX spot - Credit Forex Spot EUR/GBP 0.833115 on 10 December 2019,90136366
2019-12-11,2019-12-12,CRU56XZ,MMP7H429,GBP,-25010,Payment - Payment to: ***,90136568
2020-09-11,2020-09-14,CRU56XZ,MMP7H429,GBP,-25010,Payment - Payment to: ***,121870983
2020-09-11,2020-09-14,CRU56XZ,MMP7H429,GBP,25010,FX spot - Credit Forex Spot EUR/GBP 0.917151 on 11 September 2020,121871481
2021-09-10,2021-09-10,CRU56XZ,MMP7H429,GBP,25000,FX spot - Credit Forex Spot EUR/GBP 0.8440341 on 10 September 2021,169852785
2021-09-10,2021-09-10,CRU56XZ,MMP7H429,GBP,-25000,Domestic Payment - Outgoing payment: ***,169852988
2023-07-05,2023-07-06,CRU56XZ,MMP7H429,GBP,784409.09,FX spot - Credit Forex Spot GBP/USD 1.274845 on 5 July 2023,278756647
2023-07-05,2023-07-06,CRU56XZ,MMP7H429,GBP,-784409.09,Domestic Payment - Outgoing payment: ***,278758058
2022-04-21,2022-04-21,CRU56XZ,MWF7EDAA,USD,-136381,Foreign Payment - Outgoing payment: *** *** *** US,204277302
2022-04-21,2022-04-21,CRU56XZ,MWF7EDAA,USD,136381,FX spot - Credit Forex Spot EUR/USD 1.0825741 on 21 April 2022,204277960
2022-11-11,2022-11-10,CRU56XZ,MWF7EDAA,USD,2000000,Credit - Incoming Payment: ***,236173200
2022-11-14,2022-11-14,CRU56XZ,MWF7EDAA,USD,-2000000,Open new deposit - Open new deposit:,236417420
2022-11-17,2022-11-21,CRU56XZ,MWF7EDAA,USD,2000000,Redemption - Redemption:,236920547
2022-11-21,2022-11-21,CRU56XZ,MWF7EDAA,USD,-2000000,Open new deposit - Open new deposit:,236920566
2022-11-24,2022-11-28,CRU56XZ,MWF7EDAA,USD,2000000,Redemption - Redemption:,238006956
2022-11-24,2022-11-28,CRU56XZ,MWF7EDAA,USD,-2000000,Open new deposit - Open new deposit:,238006967
2022-12-01,2022-12-05,CRU56XZ,MWF7EDAA,USD,2000000,Redemption - Redemption:,239454643
2022-12-02,2022-12-05,CRU56XZ,MWF7EDAA,USD,-2000000,Open new deposit - Open new deposit:,239454644
2023-01-03,2023-01-05,CRU56XZ,MWF7EDAA,USD,2000000,Redemption - Redemption:,244825426
2023-01-04,2023-01-05,CRU56XZ,MWF7EDAA,USD,-2000000,Open new deposit - Open new deposit:,244825441
2023-04-03,2023-04-05,CRU56XZ,MWF7EDAA,USD,2000000,Redemption - Redemption:,260649400
2023-04-06,2023-04-06,CRU56XZ,MWF7EDAA,USD,-2000000,Open new deposit - Open new deposit:,260649447
2023-07-04,2023-07-06,CRU56XZ,MWF7EDAA,USD,2000000,Redemption - Redemption:,278350309
2023-07-05,2023-07-06,CRU56XZ,MWF7EDAA,USD,-1000000,Open new deposit - Open new deposit:,278350329
2023-07-05,2023-07-06,CRU56XZ,MWF7EDAA,USD,-1000000,FX spot - Debit Forex Spot GBP/USD 1.274845 on 5 July 2023,278756647
2023-10-04,2023-10-06,CRU56XZ,MWF7EDAA,USD,1000000,Redemption - Redemption:,294657544
2023-10-05,2023-10-06,CRU56XZ,MWF7EDAA,USD,-1000000,Open new deposit - Open new deposit:,294657564
2024-01-04,2024-01-08,CRU56XZ,MWF7EDAA,USD,1000000,Redemption - Redemption:,305088928
2024-01-08,2024-01-08,CRU56XZ,MWF7EDAA,USD,-1000000,Open new deposit - Open new deposit:,305088942
2024-04-04,2024-04-08,CRU56XZ,MWF7EDAA,USD,1000000,Redemption - Redemption:,312531536
2024-04-08,2024-04-08,CRU56XZ,MWF7EDAA,USD,-1000000,Open new deposit - Open new deposit:,312531549
2024-04-11,2024-04-15,CRU56XZ,MWF7EDAA,USD,1000000,Redemption - Redemption:,313004721
2024-04-15,2024-04-15,CRU56XZ,MWF7EDAA,USD,-1000000,Open new deposit - Open new deposit:,313004851
2024-04-18,2024-04-22,CRU56XZ,MWF7EDAA,USD,1000000,Redemption - Redemption:,313532029
2024-04-22,2024-04-22,CRU56XZ,MWF7EDAA,USD,-1000000,Open new deposit - Open new deposit:,313532058
2024-04-25,2024-04-29,CRU56XZ,MWF7EDAA,USD,1000000,Redemption - Redemption:,314112038
2024-04-29,2024-04-29,CRU56XZ,MWF7EDAA,USD,-1000000,Open new deposit - Open new deposit:,314112053
2024-05-02,2024-05-06,CRU56XZ,MWF7EDAA,USD,1000000,Redemption - Redemption:,314770295
2024-05-03,2024-05-06,CRU56XZ,MWF7EDAA,USD,-1000000,Open new deposit - Open new deposit:,314770310
2024-05-08,2024-05-13,CRU56XZ,MWF7EDAA,USD,1000000,Redemption - Redemption:,315146410
2024-05-13,2024-05-13,CRU56XZ,MWF7EDAA,USD,-1000000,Open new deposit - Open new deposit:,315146425
2024-05-16,2024-05-20,CRU56XZ,MWF7EDAA,USD,1000000,Redemption - Redemption:,315754695
2024-05-20,2024-05-20,CRU56XZ,MWF7EDAA,USD,-1000000,Open new deposit - Open new deposit:,315754715
2024-05-23,2024-05-28,CRU56XZ,MWF7EDAA,USD,1000000,Redemption - Redemption:,316230720
2024-05-28,2024-05-28,CRU56XZ,MWF7EDAA,USD,-1000000,Open new deposit - Open new deposit:,316230759
2024-05-31,2024-06-04,CRU56XZ,MWF7EDAA,USD,1000000,Redemption - Redemption:,316932366
2024-06-04,2024-06-04,CRU56XZ,MWF7EDAA,USD,-1000000,Open new deposit - Open new deposit:,316932376
2024-06-07,2024-06-11,CRU56XZ,MWF7EDAA,USD,1000000,Redemption - Redemption:,317732921
2024-06-11,2024-06-11,CRU56XZ,MWF7EDAA,USD,-1000000,Open new deposit - Open new deposit:,317732937
2024-06-14,2024-06-18,CRU56XZ,MWF7EDAA,USD,1000000,Redemption - Redemption:,322698467
2024-06-18,2024-06-18,CRU56XZ,MWF7EDAA,USD,-1000000,Open new deposit - Open new deposit:,322698498
2024-06-21,2024-06-25,CRU56XZ,MWF7EDAA,USD,1000000,Redemption - Redemption:,323598697
2024-06-25,2024-06-25,CRU56XZ,MWF7EDAA,USD,-1000000,Open new deposit - Open new deposit:,323598725
2024-06-28,2024-07-02,CRU56XZ,MWF7EDAA,USD,1000000,Redemption - Redemption:,324359182
2024-07-02,2024-07-02,CRU56XZ,MWF7EDAA,USD,-1000000,Open new deposit - Open new deposit:,324359228
2024-07-05,2024-07-09,CRU56XZ,MWF7EDAA,USD,1000000,Redemption - Redemption:,325673051
2024-07-09,2024-07-09,CRU56XZ,MWF7EDAA,USD,-1000000,Open new deposit - Open new deposit:,325673069
2024-07-12,2024-07-16,CRU56XZ,MWF7EDAA,USD,1000000,Redemption - Redemption:,326331112
2024-07-15,2024-07-16,CRU56XZ,MWF7EDAA,USD,-1000000,Open new deposit - Open new deposit:,326331120
2024-07-19,2024-07-23,CRU56XZ,MWF7EDAA,USD,1000000,Redemption - Redemption:,326963661
2024-07-23,2024-07-23,CRU56XZ,MWF7EDAA,USD,-1000000,Open new deposit - Open new deposit:,326963678
2024-07-26,2024-07-30,CRU56XZ,MWF7EDAA,USD,1000000,Redemption - Redemption:,327779193
2024-07-30,2024-07-30,CRU56XZ,MWF7EDAA,USD,-1000000,Open new deposit - Open new deposit:,327779204
2024-08-02,2024-08-06,CRU56XZ,MWF7EDAA,USD,1000000,Redemption - Redemption:,329948540
2024-08-06,2024-08-06,CRU56XZ,MWF7EDAA,USD,-1000000,Open new deposit - Open new deposit:,329948552
2024-08-09,2024-08-13,CRU56XZ,MWF7EDAA,USD,1000000,Redemption - Redemption:,331054169
2024-08-13,2024-08-13,CRU56XZ,MWF7EDAA,USD,-1000000,Open new deposit - Open new deposit:,331054182
2024-08-16,2024-08-20,CRU56XZ,MWF7EDAA,USD,1000000,Redemption - Redemption:,331784625
2024-08-20,2024-08-20,CRU56XZ,MWF7EDAA,USD,-1000000,Open new deposit - Open new deposit:,331784637
2024-08-22,2024-08-27,CRU56XZ,MWF7EDAA,USD,1000000,Redemption - Redemption:,332333872
2024-08-27,2024-08-27,CRU56XZ,MWF7EDAA,USD,-1000000,Open new deposit - Open new deposit:,332333893
2024-08-30,2024-09-03,CRU56XZ,MWF7EDAA,USD,1000000,Redemption - Redemption:,333493743
2024-09-03,2024-09-03,CRU56XZ,MWF7EDAA,USD,-1000000,Open new deposit - Open new deposit:,333493755
2024-09-06,2024-09-10,CRU56XZ,MWF7EDAA,USD,1000000,Redemption - Redemption:,334320037
2024-09-10,2024-09-10,CRU56XZ,MWF7EDAA,USD,-1000000,Open new deposit - Open new deposit:,334320057
2024-09-13,2024-09-17,CRU56XZ,MWF7EDAA,USD,1000000,Redemption - Redemption:,335076402
2024-09-17,2024-09-17,CRU56XZ,MWF7EDAA,USD,-1000000,Open new deposit - Open new deposit:,335076413
2024-09-20,2024-09-24,CRU56XZ,MWF7EDAA,USD,1000000,Redemption - Redemption:,335788120
2024-09-24,2024-09-24,CRU56XZ,MWF7EDAA,USD,-1000000,Open new deposit - Open new deposit:,335788128
2024-09-27,2024-10-01,CRU56XZ,MWF7EDAA,USD,1000000,Redemption - Redemption:,336563834
2024-10-01,2024-10-01,CRU56XZ,MWF7EDAA,USD,-1000000,Open new deposit - Open new deposit:,336563853
2024-10-04,2024-10-08,CRU56XZ,MWF7EDAA,USD,1000000,Redemption - Redemption:,337997666
2024-10-08,2024-10-08,CRU56XZ,MWF7EDAA,USD,-1000000,Open new deposit - Open new deposit:,337997683
2024-10-11,2024-10-15,CRU56XZ,MWF7EDAA,USD,1000000,Redemption - Redemption:,338898085
2024-10-15,2024-10-15,CRU56XZ,MWF7EDAA,USD,-1000000,Open new deposit - Open new deposit:,338898108
2024-10-18,2024-10-22,CRU56XZ,MWF7EDAA,USD,1000000,Redemption - Redemption:,339669618
2024-10-22,2024-10-22,CRU56XZ,MWF7EDAA,USD,-1000000,Open new deposit - Open new deposit:,339669628
2024-10-25,2024-10-29,CRU56XZ,MWF7EDAA,USD,1000000,Redemption - Redemption:,340297787
2024-10-29,2024-10-29,CRU56XZ,MWF7EDAA,USD,-1000000,Open new deposit - Open new deposit:,340297797
2024-11-01,2024-11-05,CRU56XZ,MWF7EDAA,USD,1000000,Redemption - Redemption:,340887801
2024-11-04,2024-11-05,CRU56XZ,MWF7EDAA,USD,-1000000,Open new deposit - Open new deposit:,340887810
2024-11-08,2024-11-12,CRU56XZ,MWF7EDAA,USD,1000000,Redemption - Redemption:,341593481
2024-11-12,2024-11-12,CRU56XZ,MWF7EDAA,USD,-1000000,Open new deposit - Open new deposit:,341593492
2024-11-15,2024-11-19,CRU56XZ,MWF7EDAA,USD,1000000,Redemption - Redemption:,342134033
2024-11-15,2024-11-19,CRU56XZ,MWF7EDAA,USD,-900000,Open new deposit - Open new deposit:,342134042
2024-11-22,2024-11-26,CRU56XZ,MWF7EDAA,USD,900000,Redemption - Redemption:,342699815
2024-11-26,2024-11-26,CRU56XZ,MWF7EDAA,USD,-900000,Open new deposit - Open new deposit:,342699841
2024-11-29,2024-12-03,CRU56XZ,MWF7EDAA,USD,900000,Redemption - Redemption:,343228119
2024-12-03,2024-12-03,CRU56XZ,MWF7EDAA,USD,-900000,Open new deposit - Open new deposit:,343228131
2024-12-06,2024-12-10,CRU56XZ,MWF7EDAA,USD,900000,Redemption - Redemption:,343804293
2024-12-10,2024-12-10,CRU56XZ,MWF7EDAA,USD,-900000,Open new deposit - Open new deposit:,343804309
2024-12-13,2024-12-17,CRU56XZ,MWF7EDAA,USD,900000,Redemption - Redemption:,344343091
2024-12-17,2024-12-17,CRU56XZ,MWF7EDAA,USD,-900000,Open new deposit - Open new deposit:,344343099
2024-12-20,2024-12-24,CRU56XZ,MWF7EDAA,USD,900000,Redemption - Redemption:,344897175
2024-12-24,2024-12-24,CRU56XZ,MWF7EDAA,USD,-900000,Open new deposit - Open new deposit:,344897187
2024-12-27,2024-12-31,CRU56XZ,MWF7EDAA,USD,900000,Redemption - Redemption:,345336088
2024-12-30,2024-12-31,CRU56XZ,MWF7EDAA,USD,-900000,Open new deposit - Open new deposit:,345336095
2025-01-03,2025-01-03,CRU56XZ,MWF7EDAA,USD,-100000,Client Money Transfer - Transfer from ***,346488245
2025-01-03,2025-01-07,CRU56XZ,MWF7EDAA,USD,900000,Redemption - Redemption:,346363156
2025-01-07,2025-01-07,CRU56XZ,MWF7EDAA,USD,-900000,Open new deposit - Open new deposit:,346363165
2025-01-10,2025-01-14,CRU56XZ,MWF7EDAA,USD,900000,Redemption - Redemption:,347085871
2025-01-14,2025-01-14,CRU56XZ,MWF7EDAA,USD,-900000,Open new deposit - Open new deposit:,347085883
2025-01-17,2025-01-21,CRU56XZ,MWF7EDAA,USD,900000,Redemption - Redemption:,347666192
2025-01-21,2025-01-21,CRU56XZ,MWF7EDAA,USD,-900000,Open new deposit - Open new deposit:,347666202
2025-01-24,2025-01-28,CRU56XZ,MWF7EDAA,USD,900000,Redemption - Redemption:,348286640
2025-01-28,2025-01-28,CRU56XZ,MWF7EDAA,USD,-900000,Open new deposit - Open new deposit:,348286652
2025-01-31,2025-02-04,CRU56XZ,MWF7EDAA,USD,900000,Redemption - Redemption:,348970521
2025-02-04,2025-02-04,CRU56XZ,MWF7EDAA,USD,-900000,Open new deposit - Open new deposit:,348970536
2025-02-07,2025-02-11,CRU56XZ,MWF7EDAA,USD,900000,Redemption - Redemption:,349721782
2025-02-11,2025-02-11,CRU56XZ,MWF7EDAA,USD,-900000,Open new deposit - Open new deposit:,349721798
2025-02-14,2025-02-18,CRU56XZ,MWF7EDAA,USD,900000,Redemption - Redemption:,350390492
2025-02-18,2025-02-18,CRU56XZ,MWF7EDAA,USD,-900000,Open new deposit - Open new deposit:,350390504
2025-02-21,2025-02-25,CRU56XZ,MWF7EDAA,USD,900000,Redemption - Redemption:,350909026
2025-02-25,2025-02-25,CRU56XZ,MWF7EDAA,USD,-900000,Open new deposit - Open new deposit:,350909037
2025-02-28,2025-03-04,CRU56XZ,MWF7EDAA,USD,900000,Redemption - Redemption:,351492560
2025-03-04,2025-03-04,CRU56XZ,MWF7EDAA,USD,-900000,Open new deposit - Open new deposit:,351492568
2025-03-07,2025-03-11,CRU56XZ,MWF7EDAA,USD,900000,Redemption - Redemption:,352223121
2025-03-11,2025-03-11,CRU56XZ,MWF7EDAA,USD,-900000,Open new deposit - Open new deposit:,352223135
2025-03-14,2025-03-18,CRU56XZ,MWF7EDAA,USD,900000,Redemption - Redemption:,352809195
2025-03-18,2025-03-18,CRU56XZ,MWF7EDAA,USD,-900000,Open new deposit - Open new deposit:,352809206
2025-03-21,2025-03-25,CRU56XZ,MWF7EDAA,USD,900000,Redemption - Redemption:,353494640
2025-03-25,2025-03-25,CRU56XZ,MWF7EDAA,USD,-900000,Open new deposit - Open new deposit:,353494645
2025-03-28,2025-04-01,CRU56XZ,MWF7EDAA,USD,900000,Redemption - Redemption:,354123462
2025-04-01,2025-04-01,CRU56XZ,MWF7EDAA,USD,-900000,Open new deposit - Open new deposit:,354123469
2025-04-04,2025-04-08,CRU56XZ,MWF7EDAA,USD,900000,Redemption - Redemption:,355541629
2025-04-08,2025-04-08,CRU56XZ,MWF7EDAA,USD,-900000,Open new deposit - Open new deposit:,355541636
2025-04-11,2025-04-15,CRU56XZ,MWF7EDAA,USD,900000,Redemption - Redemption:,356492121
2025-04-15,2025-04-15,CRU56XZ,MWF7EDAA,USD,-900000,Open new deposit - Open new deposit:,356492131
2025-04-16,2025-04-22,CRU56XZ,MWF7EDAA,USD,900000,Redemption - Redemption:,356937371
2025-04-22,2025-04-22,CRU56XZ,MWF7EDAA,USD,-900000,Open new deposit - Open new deposit:,356937377
2025-04-25,2025-04-29,CRU56XZ,MWF7EDAA,USD,900000,Redemption - Redemption:,357558236
2025-04-29,2025-04-29,CRU56XZ,MWF7EDAA,USD,-900000,Open new deposit - Open new deposit:,357558244
2025-05-02,2025-05-06,CRU56XZ,MWF7EDAA,USD,900000,Redemption - Redemption:,358212639
2025-05-06,2025-05-06,CRU56XZ,MWF7EDAA,USD,-900000,Open new deposit - Open new deposit:,358212643
